FunctionName,Invocaciones
shop-prod-getShopByHostV4,4220984.0
shop-prod-getMenuAyuda,4220004.0
common-prod-courier-authentication,3307962.0
shop-prod-getPaginaComponentesV2,3163257.0
shop-prod-calculateFechaEstimadaEntregaV2,2946304.0
pos-prod-calculateTiemposEntregaCocina,2946212.0
common-prod-courier-get-stimated-byRocket,2382748.0
prod-socket-services-v1-prod-changeStatusDelivery_v1,1843469.0
common-prod-setCartByActions,1361701.0
common-prod-setCartUserAction,1289473.0
shop-prod-getallproductV3,1014376.0
common-prod-getCourierOrder,931444.0
shop-prod-getGroupProductV2,879499.0
common-prod-deliveryByFee,826411.0
common-prod-webhook-courier,630837.0
shop-prod-getSucursalHorariosV3,429341.0
prod-socket-services-v1-prod-getCurrentDynamoOrders_v1,394599.0
common-prod-get-cart,382689.0
shop-prod-getallCuponV2,337730.0
auth-prod-loginWithToken,241257.0
common-prod-trackEmailOpen,241253.0
shop-prod-getAddress-v2,171558.0
admin-prod-getSucursalDesafiosLogros,137165.0
prod-socket-services-v1-prod-socketAuthPusher_v1,129603.0
auth-prod-get-allCoupon-usuario,105953.0
pos-prod-playScheduleSucursal,97909.0
common-prod-getLastOrderToEvaluate,86647.0
prod-socket-services-v1-prod-getStatusStore_v1,84467.0
prod-socket-services-v1-prod-getAllOrderPaginated_v1,58150.0
shop-prod-validateSucursalCupon,55049.0
pos-prod-getOrder,53289.0
rider-prod-updateLocation,49977.0
prod-socket-services-v1-prod-getPayMethod_v1,41867.0
prod-socket-services-v1-prod-getInitByApp_v1,35274.0
shop-prod-getTempPedidoCupones,33820.0
auth-prod-loginFromProvider,32349.0
shop-prod-createAddress-v2,31333.0
shop-prod-receivePaymentNavigation,29067.0
shop-prod-matchAddress-v2,25552.0
common-prod-setOrderTimes,23384.0
shop-prod-finallyPayRegister,23213.0
shop-prod-initTransaction,23127.0
auth-prod-login,20404.0
common-prod-whatsappWebhook,19003.0
prod-socket-services-v1-prod-changeStatusOrder_v1,17028.0
admin-prod-getAllProductoSucursal,16004.0
shop-prod-evaluateLatePayments,14450.0
common-prod-emailWebhook,14430.0
prod-socket-services-v1-prod-newOrder_v1,12464.0
shop-prod-validatePayment,11843.0
super-prod-validateShopPayment,11843.0
auth-prod-registerFromProvider,10438.0
market-prod-getMarketByHost,10351.0
agil-prod-notifyOrder,9567.0
aliados-13489AA-prod-getByAction,9007.0
prod-socket-services-v1-prod-pusherWebhookEvents_v1,8631.0
shop-prod-getOrdersByIdentifier,7858.0
common-prod-courier-createAndConfirmCourier,7707.0
shop-prod-getPagoStatus,6965.0
shop-prod-createUsuarioInvitado,6848.0
auth-prod-UpdateUserPhone,5432.0
common-prod-setRatingOrder,4867.0
prod-socket-services-v1-prod-getBillingData_v1,4590.0
common-prod-getPOSMotivosCalificacion,4297.0
pos-prod-get-dashboard-data,3978.0
shop-prod-getGastosDeEnvio,3902.0
pos-prod-getOrderMapsTracking,3730.0
shop-prod-get-order-data,3636.0
pos-prod-updateProductoSucursalIdEstado,3571.0
auth-prod-register,3318.0
admin-prod-updateProductoSucursalPrecio,3280.0
aliados-13489AA-prod-get-categories,3151.0
pos-prod-getPedidoSeguimientos,3130.0
pos-prod-getPedidoSeguimientoByIdPublico,3111.0
super-prod-getPedidoMedioPago,2944.0
pos-prod-getSettingsSucursal,2935.0
auth-prod-validateAuthToken,2858.0
common-prod-email-recipient-unsubscribe-confirm,2831.0
common-prod-send-evaluate-order,2811.0
pos-prod-getSchedule,2723.0
auth-prod-post-Coupon-usuarios,2652.0
common-prod-email-recipient-unsubscribe,2546.0
admin-prod-updateProductoSucursalEstado,2360.0
pos-prod-getAllProductos,2360.0
common-prod-getScheduless,2192.0
auth-prod-registerConfirmation,1956.0
pos-prod-updateScheduleState,1952.0
aliados-13489AA-prod-get-all-coupon,1946.0
prod-socket-services-v1-prod-solicitudCustomerService_v1,1883.0
super-prod-postPedidoMedioPago,1845.0
shop-prod-receiveMPNotification,1756.0
common-prod-getAvailableMediosDePago,1546.0
prod-socket-services-v1-prod-setStatusStore_v1,1485.0
pos-prod-getOrders,1463.0
pos-prod-changeStateModificadorOpcion,1439.0
admin-prod-getAllusuarioAudienciaRegla,1420.0
prod-socket-services-v1-prod-refreshAllOrderbyCDN_v1,1342.0
aliados-13489AA-prod-get-all-sucursal-horarios,1298.0
aliados-13489AA-prod-getALlProductGroup,1294.0
pos-prod-toteatUpdateMenu,1219.0
auth-prod-forgotPassword,1150.0
common-prod-getSucursalCuponTiposValor,1086.0
pos-prod-getAllSucursalNotificaciones,1066.0
pos-prod-getRiderWaitingSucursal,1055.0
auth-prod-forgotPasswordConfirmation,1014.0
admin-prod-updateShopConfiguracionGlobal,924.0
prod-socket-services-v1-prod-generateTransfer_v1,909.0
common-prod-getAllReembolsoMotivo,890.0
admin-prod-getAllMails,874.0
prod-socket-services-v1-prod-webhookAcceptOrder_v1,862.0
admin-prod-getComercioCategoriaConfiguracion,862.0
prod-socket-services-v1-prod-setAjusteFinanciero_v1,841.0
admin-prod-updateProductoOrden,766.0
admin-prod-getReembolsos,746.0
admin-prod-getAllAudiencias,742.0
prod-socket-services-v1-prod-actionCustomerService_v1,720.0
pos-prod-checkNewsScheduledOrdersForToday,703.0
admin-prod-getAllUsuarios,693.0
common-prod-courier-solicitar-cancelar,662.0
shop-prod-createSolicitudMenuAyuda,661.0
admin-prod-getAllComercioDisenos,634.0
super-prod-getReembolsos,623.0
admin-prod-getAllCampania,608.0
super-prod-getReembolso,600.0
admin-prod-getTipoConfiguracion,595.0
pos-prod-toteatUpdateSchedule,585.0
prod-socket-services-v1-prod-getBitacoraEvidenciaPedido_v1,569.0
common-prod-getAllTipoCorreo,563.0
agil-prod-create-order,562.0
shop-prod-refundPayment,542.0
shop-prod-finallyRefundPayment,538.0
shop-prod-receiveMachNotification,517.0
aliados-13489AA-prod-set-sucursal-horarios,498.0
aliados-13489AA-prod-get-all-plantilla,494.0
admin-prod-getAllShopProduct,493.0
aliados-13489AA-prod-salebot-update-stage,471.0
aliados-13489AA-prod-getAllGroup,444.0
admin-prod-getSucursalCuponURLToShareV2,441.0
admin-prod-updateProductoDeletedAt,402.0
aliados-13489AA-prod-salebot-get-all,388.0
admin-prod-getAllDisenoCorreoPorTipo,383.0
agil-prod-orderWebhook,376.0
common-prod-courierTracking,367.0
super-prod-getListadoUsuarios,358.0
agil-prod-acceptOrderOMS,347.0
common-prod-getPrefijosTelefonicos,347.0
aliados-13489AA-prod-get-coupon,345.0
admin-prod-createPlantillaCorreo,340.0
aliados-13489AA-prod-get-all-comercio-customers,330.0
admin-prod-deleteModificador,318.0
admin-prod-uploadImageComercioDiseno,318.0
aliados-13489AA-prod-creat-coupon,318.0
admin-prod-createAudienciaRegla,297.0
prod-socket-services-v1-prod-updateDeliveryTime_v1,295.0
admin-prod-createCampania,261.0
admin-prod-getAllSucursalComercio,248.0
super-prod-generarAjusteFinancieroReembolso,247.0
common-prod-refresh-all-pos,244.0
aliados-13489AA-prod-setStateCoupon,241.0
aliados-13489AA-prod-getDetailGroup,211.0
admin-prod-getAllShopMenu,210.0
admin-prod-getAllMailAutomatico,209.0
aliados-13489AA-prod-get-bases-importadas-comercio,208.0
admin-prod-getAllCategoriaConfiguracionShop,206.0
common-prod-getAllAudienciaReglas-v2,205.0
shop-app-prod-checkVersion,204.0
aliados-13489AA-prod-salebot-get-rule-by-type,204.0
admin-prod-getAllLinkShop,202.0
aliados-13489AA-prod-getProductsInsights,197.0
rider-prod-getCalificationTypes,195.0
shop-prod-heyAgil,195.0
admin-prod-createAudiencia,186.0
rider-prod-getWinChallenges,178.0
rider-prod-getCurrentChallenges,178.0
rider-prod-getChallenges,178.0
aliados-13489AA-prod-salebot-get,167.0
rider-prod-getRiderIncomeCurrentWeek,166.0
rider-prod-checkversion,162.0
prod-socket-services-v1-prod-forcedDeliveredOrder_v1,156.0
common-prod-trackEmailClick,154.0
auth-prod-logout,145.0
admin-prod-getOneUsuario,135.0
aliados-13489AA-prod-createGroup,134.0
agil-prod-getIntegracionByComerce,129.0
shop-prod-validate-address,112.0
aliados-13489AA-prod-salebot-create,111.0
pos-prod-getUsersWithPurchases,111.0
aliados-13489AA-prod-update-coupon,109.0
super-prod-GeozonasShop,109.0
aliados-13489AA-prod-salebot-update-estado,98.0
admin-prod-createUsuario,88.0
pos-prod-get-AllOrder-BySucursalV2,86.0
aliados-13489AA-prod-salebot-get-all-mail-design,85.0
aliados-13489AA-prod-salebot-get-stage-type,84.0
aliados-13489AA-prod-get-tipo-ejecuciones,84.0
admin-prod-v1DownloadProducts,81.0
pos-prod-getProductLog,78.0
admin-prod-getAllComercioConfiguracion,78.0
admin-prod-updateComercioConfiguracion,71.0
super-prod-getTarifas,65.0
shop-prod-getAllSucursalShopOptions,62.0
prod-socket-services-v1-prod-splitOrder_v1,60.0
common-prod-update-Cart-Status,58.0
rider-prod-obtenerZonasDisponibilidad,57.0
super-prod-GetMetodosPagoCentroNegocio,56.0
shop-prod-validateRefundPayment,56.0
prod-socket-services-v1-prod-getAllComerciobyCDN_v1,55.0
admin-prod-getAllShopPaginas,53.0
common-prod-validateSubDomain,52.0
pos-prod-updateProductoSucursal,52.0
super-prod-getRiderGeoZonasNearSucursal,51.0
admin-prod-enableUsuarioPerfil,49.0
aliados-13489AA-prod-send-test-mail,48.0
admin-prod-matchProductAndModify,46.0
admin-prod-getProgramaPuntos,43.0
admin-prod-createMailAutomatizacion,43.0
pos-prod-get-all-product,41.0
admin-prod-uploadCorreoImagen,40.0
prod-socket-services-v1-prod-exportBillingData_v1,40.0
shop-prod-syncCart,39.0
auth-prod-updateUsuario,39.0
aliados-13489AA-prod-updateStateGroup,39.0
common-prod-uploadFile,39.0
prod-socket-services-v1-prod-updtaePayMethod_v1,38.0
pos-prod-create-pedido,37.0
super-prod-v1GetIntegracionesComercio,36.0
agil-prod-getMenuOms,34.0
admin-prod-updateUsuario,33.0
pos-prod-getAllSucursalConfiguracion,33.0
agil-prod-getProductsAndModifierMatch,33.0
common-prod-UpdateCartEstate,33.0
super-prod-setTarifas,33.0
admin-prod-disableUsuarioPerfil,31.0
admin-prod-setProgramaPuntos,29.0
pos-prod-updateSucursalConfiguracion,29.0
agil-prod-cancelOrderOMS,28.0
common-prod-getBehaviourDW,28.0
common-prod-aprobarComercioInscripcion,27.0
admin-prod-deleteCampania,27.0
admin-prod-deleteUsuarioPerfil,24.0
aliados-13489AA-prod-getCouponUTM,22.0
admin-prod-deleteMailDiseno,21.0
shop-prod-saveMenuAyuda,19.0
pos-prod-get-default-etiquetas,19.0
aliados-13489AA-prod-salebot-update-rule-stage,16.0
aliados-13489AA-prod-pos-sucursal-get-config,14.0
super-prod-getFechasDepositoSucursal,13.0
shop-prod-initTransactionv2,13.0
super-prod-getAllPlanSucursal,12.0
aliados-13489AA-prod-salebot-get-all-funnel,12.0
admin-prod-getAllSucursalMesa,11.0
admin-prod-postProductAndModify,10.0
auth-prod-changePassword,10.0
shop-prod-genInitTransaction,10.0
rider-prod-addBankAccount,9.0
super-prod-resumenDepositoSucursal,9.0
super-prod-resumenFacturacionPorSucursal,8.0
super-prod-getFechasFacturacionSucursal,8.0
aliados-13489AA-prod-getProductInsights,8.0
admin-prod-getPuntosUsuario,7.0
super-prod-GetCentrosNegocio,7.0
rider-prod-getFaqs,6.0
rider-prod-getChallengesByDateRange,5.0
agil-prod-get-token,5.0
prod-socket-services-v1-prod-cancelTransfer_v1,5.0
super-prod-getComercioAnalytics,5.0
admin-prod-generateSucursalMesaQR,5.0
auth-prod-registerResendConfirmationCode,5.0
rider-prod-getCurrentBankAccount,4.0
super-prod-v1UpdateIntegracionSucursal,4.0
rider-prod-validateRider,4.0
agil-prod-setIntegracionData,4.0
super-prod-updateSucursalGeozonaRider,4.0
admin-prod-createShopMenu,4.0
rider-prod-getRiderBonus,4.0
rider-prod-forgotPassword,4.0
aliados-13489AA-prod-salebot-delete-etapa,4.0
aliados-13489AA-prod-cupon-get-cupon-audiencia,4.0
common-prod-getBaseMenuAyuda,4.0
super-prod-v1GetAllMarketplace,3.0
admin-prod-addPuntosBilletera,3.0
rider-prod-getBanks,3.0
admin-prod-updateSucursalShopOptions,3.0
rider-prod-getDefaultRegisterData,3.0
rider-prod-loginRider,3.0
aliados-13489AA-prod-market-get-sucursal-config,3.0
super-prod-getAllComercioSucursalesPlan,3.0
super-prod-resumenFacturacionSucursal,3.0
prod-socket-services-v1-prod-getTicket_v1,3.0
rider-prod-getAccountTypes,3.0
aliados-13489AA-prod-getAllProduct,2.0
super-prod-getAllChallenges,2.0
aliados-13489AA-prod-salebot-get-trigger-type-rule,2.0
admin-prod-updateSucursalMesaDeletedAt,2.0
super-prod-getAllLists,2.0
super-prod-getAllRiderSupport,2.0
pos-prod-getTickets,2.0
super-prod-detalleFacturacionSucursal,2.0
super-prod-getAccionesFacturacionSucursalLog,2.0
aliados-13489AA-prod-market-get-all-category,2.0
super-prod-getBasePromocionCargadas,1.0
super-prod-GetComerciosCentroNegocio,1.0
pos-prod-getDownloadLinkPOS,1.0
admin-prod-DeleteAudienciaRegla,1.0
aliados-13489AA-prod-setCouponUTM,1.0
pos-prod-getHistoryUsuarioCliente,1.0
admin-prod-createSucursalMesa,1.0
pos-prod-getLastPOSVersion,1.0
shop-app-qa-checkVersion,1.0
super-prod-getChallengeState,1.0
super-prod-getAllChallengesRules,1.0
pos-prod-resetPreparacionCocina,1.0
super-prod-getAllSucursalVersionPOS,1.0
super-prod-getAllPOSVersion,1.0
rider-prod-getRiderIncomeWeeks,1.0
super-prod-getComercioMetatags,1.0
super-prod-getAllCourierByComerceV2,1.0
admin-prod-getAllElemento,1.0
super-prod-SetCuentaBancariaCentroNegocio,0.0
super-prod-updateSucursalCupon,0.0
subtitles-back-dev-upload,0.0
shop-prod-postLongLivedTokenPageByComerce,0.0
super-prod-updateSucursalCuponUTMParams,0.0
aliados-13489AA-prod-create-audiencia-importada,0.0
pos-prod-usuarios-perfil-sucursal,0.0
super-prod-AddComercioCentroNegocio,0.0
agil-prod-createProductIntegrador,0.0
shop-prod-post-facebook-webhook,0.0
common-prod-ac-create-tag,0.0
super-prod-createRiderGeoZonaDisponibilidad,0.0
prod-socket-services-v1-prod-trakingDelivery_v1,0.0
prod-socket-services-prod-closeOrder,0.0
rider-prod-getRiderIncomeByDate,0.0
super-prod-savePlanSucursalPrivilegios,0.0
shop-prod-receiveChekNotification,0.0
prod-socket-services-prod-deleteEventOrder,0.0
super-prod-getAllChallengesExport,0.0
aliados-13489AA-prod-market-create-product,0.0
prod-socket-services-prod-pusherWebhookEvents,0.0
aliados-13489AA-prod-market-update-create-products,0.0
prod-socket-services-v1-prod-getOrderCouriers_v1,0.0
super-prod-register-domain,0.0
admin-prod-get-all-usuario-audiencia-regla-v2,0.0
admin-prod-deleteSucursalCuponHorario,0.0
super-prod-updateRiderGeoZonaDisponibilidad,0.0
market-prod-getProductsBySearch,0.0
lince-prod-getAllElementoComercio,0.0
rider-prod-changePasswordRider,0.0
super-prod-getAllLogCartV2,0.0
agil-prod-createOrderFacturacion,0.0
admin-prod-createElemento,0.0
common-prod-deals-webhook-ac,0.0
aliados-13489AA-prod-salebot-register-event,0.0
prod-socket-services-v1-prod-custom-resource-apigw-cw-role,0.0
pos-prod-emitNewOrder,0.0
market-prod-getProductDetail,0.0
prod-socket-services-prod-webhookAcceptOrder,0.0
super-prod-v1-signShopDomain,0.0
shop-prod-receiveFlowNotification,0.0
super-prod-changeDeletedAtRiderGeoZonaDisponibilidad,0.0
prod-socket-services-prod-changeStatusDelivery,0.0
prod-socket-services-prod-custom-resource-apigw-cw-role,0.0
admin-prod-getAllShopComponent,0.0
super-prod-get-list-domain,0.0
agil-prod-markAsPreparedOrderOMS,0.0
pos-prod-updateSucursalNotificacionLeido,0.0
common-prod-unSubscribeProvider,0.0
super-prod-getAllComercioCupones,0.0
super-prod-v1-deleteShopDomainAsync,0.0
agil-prod-send-order-webhook-async,0.0
lince-prod-createInspeccion,0.0
aliados-13489AA-prod-get-tipo-stopper,0.0
shop-prod-validateInscriptions,0.0
common-prod-setUserHelp,0.0
rider-prod-takeOrder,0.0
prod-socket-services-prod-splitOrder,0.0
admin-prod-deleteComponentePagina,0.0
rider-prod-updateRiderToken,0.0
super-prod-upload-invoice-file,0.0
prod-socket-services-prod-generateTransfer,0.0
amplify-login-define-auth-challenge-afa65742,0.0
admin-prod-updateTrabajador,0.0
admin-prod-deleteShopMenu,0.0
super-prod-getAllLogsByCode,0.0
admin-prod-deleteMailAutomatizacion,0.0
lince-prod-getAllPregunta,0.0
prod-socket-services-prod-setAjusteFinanciero,0.0
aliados-13489AA-prod-create-base-importar-clientes,0.0
amplify-login-custom-message-afa65742,0.0
agil-prod-validate-token,0.0
shop-prod-getUserAddressesv1,0.0
agil-prod-api-test,0.0
super-prod-postCourier,0.0
shop-prod-getAddressGeoreference,0.0
shop-prod-get-reciveFpayNotification,0.0
super-prod-updateSucursalIdPlan,0.0
admin-prod-getAllTrabajadorTipo,0.0
ti-prod-api-test,0.0
prod-socket-services-prod-getBillingData,0.0
super-prod-get-all-courrierData,0.0
agil-prod-create-integrator,0.0
super-prod-validateShopPaymentsByIdsPedidos,0.0
super-prod-getAllsucursalBytarifa,0.0
super-prod-getAllBranchRate,0.0
shop-prod-post-reciveFpayNotification,0.0
super-prod-updateComercioAnalytics,0.0
prod-socket-services-prod-getTicket,0.0
prod-socket-services-v1-prod-testSocketDB_v1,0.0
lince-prod-updatePregunta,0.0
prod-socket-services-prod-setStatusStore,0.0
common-prod-getMenu,0.0
super-prod-getCharts,0.0
admin-prod-getSucursalCuponTranslateToLiteral,0.0
pos-prod-historyUsuarioCliente,0.0
pos-prod-saveRate,0.0
super-prod-getSucursalCuponShareURL,0.0
super-prod-delete-subdomain,0.0
prod-socket-services-prod-socketAuthPusher,0.0
admin-prod-updatePaginaShop,0.0
ily5hxd-p75rj3l,0.0
super-prod-getAllSucursalByComerce,0.0
common-prod-getOrderDW,0.0
je25337-ftys73,0.0
admin-prod-updateOrdenComponent,0.0
super-prod-createChallenge,0.0
prod-socket-services-prod-exportBillingData,0.0
pos-prod-toteatNewOrderStatus,0.0
super-prod-getExportDataPromotions,0.0
prod-socket-services-prod-getBitacoraEvidenciaPedido,0.0
admin-prod-v1DownloadProductsAsync,0.0
agil-prod-send-order-webhook,0.0
aliados-13489AA-prod-market-bulk-load-product,0.0
shop-prod-get-facebook-webhook,0.0
super-prod-getRidersByChallenge,0.0
admin-prod-deleteSucursalMesa,0.0
admin-prod-updateSucursalCuponHorarioDeletedAt,0.0
prod-socket-services-prod-domainsController,0.0
prod-socket-services-prod-trakingDelivery,0.0
shop-prod-analytics-activecampaign-tracking,0.0
super-prod-v1UpdateConfigMarket,0.0
aliados-13489AA-prod-getCouponCanje,0.0
rider-prod-getProgressChallenge,0.0
prod-socket-services-v1-prod-deleteEventOrder_v1,0.0
lince-prod-getAllElementoInspeccion,0.0
aliados-13489AA-prod-get-coupon-agrupacion,0.0
admin-prod-getAllComercioCustomers,0.0
agil-prod-create-order-async,0.0
super-prod-detalleDepositoSucursal,0.0
common-prod-postBeneficioCompra,0.0
prod-socket-services-prod-getStatusStore,0.0
common-prod-get-facebook-webhook,0.0
common-prod-postLongLivedTokenPageByComerce,0.0
rider-prod-getRiderIncomeByRange,0.0
super-prod-updateChallenge,0.0
super-prod-createSucursalCupon,0.0
prod-socket-services-v1-prod-testSocket_v1,0.0
admin-prod-getLogs,0.0
super-prod-getEmailsToShareSucursalCupon,0.0
prod-socket-services-v1-prod-domainsController_v1,0.0
lince-prod-api-test,0.0
agil-prod-menuWebhook,0.0
super-prod-v1-signShopDomainAsync,0.0
ily5hxd-eupx4k5,0.0
ti-prod-flushCDNShopRocket,0.0
prod-socket-services-prod-testSocket,0.0
super-prod-ecommerceMigration,0.0
je25337-35d906o,0.0
admin-prod-upsertSaleBots,0.0
super-prod-get-url-data-by-commerce,0.0
shop-prod-deleteMenuAyuda,0.0
pos-prod-sendMail-pedido,0.0
admin-prod-shareSucursalCuponByEmail,0.0
agil-prod-exportCatalogPeya,0.0
admin-prod-updateSucursalMesa,0.0
shop-prod-updateFavoriteInscription,0.0
lince-prod-getAllElemento,0.0
admin-prod-getAllComponentes,0.0
common-prod-postCallback-peya,0.0
super-prod-validateShopPaymentsSQSConsumer,0.0
common-prod-v1-getProductSEOV1,0.0
aliados-13489AA-prod-market-update-sucursal-config,0.0
agil-prod-postMenuOms,0.0
shop-prod-reversePaymentAsync,0.0
super-prod-get-level-commerce,0.0
pos-prod-popappNewOrderStatus,0.0
super-prod-evaluarDesafioRider,0.0
admin-prod-createTrabajador,0.0
prod-socket-services-prod-getOrderCouriers,0.0
admin-prod-getAllElementoCategoria,0.0
prod-socket-services-prod-updateDeliveryTime,0.0
aliados-13489AA-prod-pos-sucursal-config,0.0
pos-prod-notifySplitPedido,0.0
shop-prod-receiveMulticajaNotification,0.0
admin-prod-getAllTrabajador,0.0
admin-prod-getAllSucursalCuponHorarios,0.0
prod-socket-services-v1-prod-setOrderFeeCourier_v1,0.0
common-prod-getBeneficioCompra,0.0
super-prod-updateSucursalCuponDeletedAt,0.0
prod-socket-services-prod-getAllOrderPaginated,0.0
shop-prod-inscribeUserTBKOC,0.0
super-prod-get-domain-status,0.0
shop-prod-product-detail,0.0
lince-prod-getAllPreguntaByIdElemento,0.0
prod-socket-services-prod-forcedDeliveredOrder,0.0
shop-app-dev-checkVersion,0.0
amplify-login-verify-auth-challenge-afa65742,0.0
super-prod-rider-sendNotifications,0.0
prod-socket-services-prod-getInitByApp,0.0
shop-prod-put-reciveFpayNotification,0.0
admin-prod-saveSucursalCuponHorario,0.0
agil-prod-updateStatusStoreOMS,0.0
super-prod-crearBaseMasivaPromociones,0.0
pos-prod-popappReceiveOrderChangeStatus,0.0
shop-prod-deleteInscription,0.0
admin-prod-getAllTipoReglaForControl,0.0
common-prod-healthCheckShop,0.0
super-prod-getRiderGeoZonasDisponibilidad,0.0
agil-prod-pickedUpOrderOMS,0.0
super-prod-get-info-domain-commerce,0.0
lince-prod-createElementoTrabajador,0.0
aliados-13489AA-prod-getGroupLogs,0.0
common-prod-getStoreUrl,0.0
prod-socket-services-prod-changeStatusOrder,0.0
super-prod-GetCuentaBancariaCentroNegocio,0.0
super-prod-getAllSucursalesCdn,0.0
super-prod-addRidersToChallenge,0.0
aliados-13489AA-prod-delete-coupon,0.0
super-prod-getOneSucursalCupon,0.0
super-prod-getRidersToChallenge,0.0
aliados-13489AA-prod-cupon-set-cupon-audiencia,0.0
super-prod-getFunnel,0.0
super-prod-updateComercioMetatags,0.0
common-prod-post-facebook-webhook,0.0
super-prod-v1AddMarketplaceSucursales,0.0
agil-prod-setConfigSucursalMasiva,0.0
amplify-login-create-auth-challenge-afa65742,0.0
super-prod-createPlanSucursal,0.0
rider-prod-newCalification,0.0
super-prod-getAllBitacoraRider,0.0
agil-prod-exportCatalogPeyaLogs,0.0
shop-prod-validateProductStocks,0.0
shop-prod-getInscripctions,0.0
shop-prod-get-address-match,0.0
lince-prod-existElementoComercio,0.0
pos-prod-assign-flag-order,0.0
rider-prod-support,0.0
super-prod-change-commerce-level,0.0
admin-prod-getWinRidersByChallenge,0.0
prod-socket-services-prod-getAllUser,0.0
prod-socket-services-v1-prod-closeOrder_v1,0.0
admin-prod-updateElemento,0.0
agil-prod-send-order-cancelled-webhook,0.0
super-prod-getAllPlanSucursalPrivilegios,0.0
aliados-13489AA-prod-get-detalle-base-importada,0.0
super-prod-v1-checkDomainHostedInAgil,0.0
super-prod-distributeVersionPOS,0.0
super-prod-createSucursalPlanPersonalizado,0.0
admin-prod-getComerioByURL,0.0
aliados-13489AA-prod-get-tipo-excepciones,0.0
lince-prod-getAllTrabajador,0.0
market-prod-getProductByCategory,0.0
admin-prod-getGeozonasComercio,0.0
prod-socket-services-prod-newOrder,0.0
shop-prod-createUsuarioDireccion,0.0
super-prod-deleteChallenge,0.0
super-prod-dbSync,0.0
admin-prod-getUsuarioByEmail,0.0
common-prod-getAllAudienciaReglas,0.0
rider-prod-acceptChallenge,0.0
common-prod-getZonaDisponibilidadRiderDemanda,0.0
shop-prod-reversePayment,0.0
admin-prod-createPaginaShop,0.0
super-prod-delete-domain,0.0
agil-prod-googleFormRequests,0.0
shop-prod-sendRateOrderEmail,0.0
28vumj-royklpq,0.0
mall-prod-getMallByHost,0.0
pos-prod-auth-deliverect,0.0
lince-prod-deletePregunta,0.0
common-prod-notifyToSlack,0.0
super-prod-v1-deleteShopDomain,0.0
prod-socket-services-prod-refreshAllOrderbyCDN,0.0
aliados-13489AA-prod-market-get-all-product-market,0.0
prod-socket-services-v1-prod-getAllUser_v1,0.0
agil-prod-updateCookingTime,0.0
super-prod-v1-getShopDomainInfo,0.0
super-prod-SetMetodosPagoCentroNegocio,0.0
super-prod-get-subdomain-status,0.0
pos-prod-migrateSucursalConfigImpresoras,0.0
shop-prod-shopCustomForm,0.0
common-prod-linkSucursalToGeozonaRider,0.0
lince-prod-createPregunta,0.0
prod-socket-services-prod-setOrderFeeCourier,0.0
prod-socket-services-prod-testSocketDB,0.0
3n89q29-2s1zkk,0.0
super-prod-updatePlanSucursal,0.0
admin-prod-deleteTrabajador,0.0
testInvoke,0.0
prod-socket-services-prod-cancelTransfer,0.0
common-prod-v1-clearApiGatewayCache,0.0
super-prod-createOrEditBranchRate,0.0
common-prod-unSubscribeProviderTrack,0.0
market-prod-wholesaler-get-by-host,0.0
super-prod-v1GetMarketplaceSucursales,0.0
super-prod-v1-createShopDomain,0.0
super-prod-updatePlanSucursalDeletedAt,0.0
prod-socket-services-prod-getCurrentDynamoOrders,0.0
auth-prod-loginWithGoogle,0.0
market-prod-product-search,0.0
common-prod-courier-get-stimated,0.0
lince-prod-getAllRespuesta,0.0
super-prod-validateShopPaymentsByDate,0.0
admin-prod-deleteElemento,0.0
aliados-13489AA-prod-importar-clientes,0.0
pos-prod-rename-commercial-flag,0.0
admin-prod-getAllSucursalCupon,0.0
super-prod-generarTransferenciaSucursal,0.0
super-prod-deleteRiderGeoZonaDisponibilidad,0.0
super-prod-updateBranchRate,0.0
rider-prod-registerRider,0.0
admin-prod-getAllFormularioShop,0.0
rider-prod-deliverOrder,0.0
agil-prod-createProductsAndModifierMatch,0.0
